<application>
  <component name="NodeJsLocalInterpreterManager">
    <local-interpreter path="$USER_HOME$/.nvm/versions/node/v18.16.0/bin/node">
      <version-cache version="18.16.0" last-modified="1681277481000" />
    </local-interpreter>
    <local-interpreter path="$USER_HOME$/.nvm/versions/node/v18.12.1/bin/node">
      <version-cache version="18.12.1" last-modified="1667578263000" />
    </local-interpreter>
    <local-interpreter path="$USER_HOME$/.nvm/versions/node/v16.20.0/bin/node">
      <version-cache version="16.20.0" last-modified="1680038804000" />
    </local-interpreter>
    <local-interpreter path="$USER_HOME$/.nvm/versions/node/v16.13.1/bin/node">
      <version-cache version="16.13.1" last-modified="1638358168000" />
    </local-interpreter>
  </component>
</application>